county,交易年月,median_price,volume
臺北市,2012-07-15,512063.46,822.0
臺北市,2012-08-15,526889.98,1420.0
臺北市,2012-09-15,531623.88,1410.0
臺北市,2012-10-15,524132.93,1892.0
臺北市,2012-11-15,513156.03,1760.0
臺北市,2012-12-15,509777.5,2351.0
臺北市,2013-01-15,543814.02,1502.0
臺北市,2013-02-15,532286.69,1253.0
臺北市,2013-03-15,550733.06,2327.0
臺北市,2013-04-15,557265.32,2443.0
臺北市,2013-05-15,555974.4,2546.0
臺北市,2013-06-15,550114.87,2231.0
臺北市,2013-07-15,564762.87,2061.0
臺北市,2013-08-15,559465.32,1842.0
臺北市,2013-09-15,544025.59,2019.0
臺北市,2013-10-15,558597.56,2043.0
臺北市,2013-11-15,567807.51,1901.0
臺北市,2013-12-15,553610.76,2644.0
臺北市,2014-01-15,575027.38,1199.0
臺北市,2014-02-15,579543.1,1085.0
臺北市,2014-03-15,572597.62,1839.0
臺北市,2014-04-15,580062.11,1910.0
臺北市,2014-05-15,587005.95,1550.0
臺北市,2014-06-15,571949.68,1469.0
臺北市,2014-07-15,568938.1,1391.0
臺北市,2014-08-15,563258.73,1309.0
臺北市,2014-09-15,556496.72,1440.0
臺北市,2014-10-15,574197.63,1481.0
臺北市,2014-11-15,577447.23,1497.0
臺北市,2014-12-15,530511.47,1994.0
臺北市,2015-01-15,576946.4,1102.0
臺北市,2015-02-15,581632.37,719.0
臺北市,2015-03-15,564556.26,1330.0
臺北市,2015-04-15,568367.85,1268.0
臺北市,2015-05-15,569273.64,1222.0
臺北市,2015-06-15,557952.93,1140.0
臺北市,2015-07-15,544412.37,1205.0
臺北市,2015-08-15,533256.95,1082.0
臺北市,2015-09-15,541614.01,998.0
臺北市,2015-10-15,516531.25,1373.0
臺北市,2015-11-15,515741.16,1629.0
臺北市,2015-12-15,522045.32,1725.0
臺北市,2016-01-15,541933.02,773.0
臺北市,2016-02-15,527303.2,416.0
臺北市,2016-03-15,525556.08,840.0
臺北市,2016-04-15,538645.4,1082.0
臺北市,2016-05-15,538409.03,1129.0
臺北市,2016-06-15,536746.21,1056.0
臺北市,2016-07-15,523372.6,774.0
臺北市,2016-08-15,509529.57,336.0
新北市,2012-07-15,232480.39,2269.0
新北市,2012-08-15,252267.25,3014.0
新北市,2012-09-15,252549.9,3153.0
新北市,2012-10-15,257144.96,3728.0
新北市,2012-11-15,256027.6,3253.0
新北市,2012-12-15,261809.44,3851.0
新北市,2013-01-15,266001.2,3163.0
新北市,2013-02-15,266726.82,2246.0
新北市,2013-03-15,272475.6,4744.0
新北市,2013-04-15,277652.49,4678.0
新北市,2013-05-15,278751.67,4985.0
新北市,2013-06-15,281670.69,4411.0
新北市,2013-07-15,285926.91,4140.0
新北市,2013-08-15,285832.69,3547.0
新北市,2013-09-15,291548.42,3469.0
新北市,2013-10-15,294240.99,3672.0
新北市,2013-11-15,292900.49,3489.0
新北市,2013-12-15,292733.55,4084.0
新北市,2014-01-15,296771.58,2114.0
新北市,2014-02-15,298674.07,1790.0
新北市,2014-03-15,309416.27,3196.0
新北市,2014-04-15,302983.18,3374.0
新北市,2014-05-15,306282.37,2877.0
新北市,2014-06-15,299855.89,2563.0
新北市,2014-07-15,305525.34,2675.0
新北市,2014-08-15,310695.61,2270.0
新北市,2014-09-15,306712.12,2426.0
新北市,2014-10-15,300550.11,2599.0
新北市,2014-11-15,306725.35,2603.0
新北市,2014-12-15,302960.04,3078.0
新北市,2015-01-15,305151.79,1829.0
新北市,2015-02-15,305690.63,1267.0
新北市,2015-03-15,304821.21,2258.0
新北市,2015-04-15,305892.29,2339.0
新北市,2015-05-15,303232.77,2294.0
新北市,2015-06-15,311174.95,2347.0
新北市,2015-07-15,295540.17,2146.0
新北市,2015-08-15,290854.2,1849.0
新北市,2015-09-15,285110.38,1676.0
新北市,2015-10-15,289019.48,2165.0
新北市,2015-11-15,288252.54,2550.0
新北市,2015-12-15,289745.1,2552.0
新北市,2016-01-15,286512.03,1354.0
新北市,2016-02-15,295726.95,846.0
新北市,2016-03-15,284933.51,1827.0
新北市,2016-04-15,288212.87,1974.0
新北市,2016-05-15,293079.0,2161.0
新北市,2016-06-15,298098.86,1946.0
新北市,2016-07-15,285161.61,1851.0
新北市,2016-08-15,276321.9,834.0
基隆市,2012-07-15,93954.14,211.0
基隆市,2012-08-15,100421.94,354.0
基隆市,2012-09-15,97149.2,338.0
基隆市,2012-10-15,98853.34,425.0
基隆市,2012-11-15,96985.56,370.0
基隆市,2012-12-15,91089.67,342.0
基隆市,2013-01-15,92917.77,318.0
基隆市,2013-02-15,95850.02,200.0
基隆市,2013-03-15,98965.74,428.0
基隆市,2013-04-15,96625.23,479.0
基隆市,2013-05-15,98387.22,539.0
基隆市,2013-06-15,100816.98,520.0
基隆市,2013-07-15,99200.45,517.0
基隆市,2013-08-15,98297.96,441.0
基隆市,2013-09-15,100562.44,443.0
基隆市,2013-10-15,100440.12,469.0
基隆市,2013-11-15,103035.17,421.0
基隆市,2013-12-15,107217.01,479.0
基隆市,2014-01-15,107689.74,293.0
基隆市,2014-02-15,106202.13,259.0
基隆市,2014-03-15,110833.56,437.0
基隆市,2014-04-15,110076.53,469.0
基隆市,2014-05-15,107289.74,365.0
基隆市,2014-06-15,111231.91,362.0
基隆市,2014-07-15,113577.37,411.0
基隆市,2014-08-15,117074.91,325.0
基隆市,2014-09-15,114392.25,402.0
基隆市,2014-10-15,112453.4,389.0
基隆市,2014-11-15,119286.49,355.0
基隆市,2014-12-15,107993.88,388.0
基隆市,2015-01-15,115203.82,271.0
基隆市,2015-02-15,117438.54,166.0
基隆市,2015-03-15,118554.25,284.0
基隆市,2015-04-15,118430.29,317.0
基隆市,2015-05-15,116036.89,333.0
基隆市,2015-06-15,117922.85,320.0
基隆市,2015-07-15,117679.87,340.0
基隆市,2015-08-15,123217.08,275.0
基隆市,2015-09-15,118969.13,295.0
基隆市,2015-10-15,120931.12,296.0
基隆市,2015-11-15,123517.91,301.0
基隆市,2015-12-15,116929.45,401.0
基隆市,2016-01-15,118334.42,177.0
基隆市,2016-02-15,115575.73,106.0
基隆市,2016-03-15,119967.48,259.0
基隆市,2016-04-15,122873.28,280.0
基隆市,2016-05-15,121091.45,267.0
基隆市,2016-06-15,120402.2,294.0
基隆市,2016-07-15,119369.13,283.0
基隆市,2016-08-15,119276.57,157.0
桃園市,2012-07-15,128370.83,1443.0
桃園市,2012-08-15,126350.98,2155.0
桃園市,2012-09-15,129329.51,2252.0
桃園市,2012-10-15,127428.67,2538.0
桃園市,2012-11-15,140709.73,2710.0
桃園市,2012-12-15,126853.46,2549.0
桃園市,2013-01-15,130455.13,2274.0
桃園市,2013-02-15,133752.67,1477.0
桃園市,2013-03-15,135577.47,3073.0
桃園市,2013-04-15,136623.76,2872.0
桃園市,2013-05-15,141066.75,2852.0
桃園市,2013-06-15,145587.43,2592.0
桃園市,2013-07-15,143465.11,2509.0
桃園市,2013-08-15,146975.87,2165.0
桃園市,2013-09-15,145382.47,2169.0
桃園市,2013-10-15,147144.46,2298.0
桃園市,2013-11-15,148116.37,2109.0
桃園市,2013-12-15,147855.21,2335.0
桃園市,2014-01-15,152676.73,1472.0
桃園市,2014-02-15,145898.18,1075.0
桃園市,2014-03-15,154113.09,2232.0
桃園市,2014-04-15,155428.8,2255.0
桃園市,2014-05-15,154754.41,1894.0
桃園市,2014-06-15,156030.45,1905.0
桃園市,2014-07-15,157379.22,1739.0
桃園市,2014-08-15,156866.82,1531.0
桃園市,2014-09-15,154076.73,1651.0
桃園市,2014-10-15,155742.85,1817.0
桃園市,2014-11-15,158134.6,1596.0
桃園市,2014-12-15,153488.29,1716.0
桃園市,2015-01-15,158685.02,1192.0
桃園市,2015-02-15,156430.46,791.0
桃園市,2015-03-15,155071.77,1469.0
桃園市,2015-04-15,159096.59,1548.0
桃園市,2015-05-15,153997.39,1570.0
桃園市,2015-06-15,156625.5,1395.0
桃園市,2015-07-15,155592.43,1332.0
桃園市,2015-08-15,150807.29,1159.0
桃園市,2015-09-15,148909.76,1043.0
桃園市,2015-10-15,150286.62,1282.0
桃園市,2015-11-15,149124.64,1384.0
桃園市,2015-12-15,148486.62,1527.0
桃園市,2016-01-15,147185.78,842.0
桃園市,2016-02-15,150484.98,560.0
桃園市,2016-03-15,153042.01,1224.0
桃園市,2016-04-15,154189.12,1275.0
桃園市,2016-05-15,152298.21,1330.0
桃園市,2016-06-15,150961.01,1162.0
桃園市,2016-07-15,150420.51,1155.0
桃園市,2016-08-15,147094.88,501.0
新竹縣,2012-07-15,151888.29,331.0
新竹縣,2012-08-15,148653.56,484.0
新竹縣,2012-09-15,136990.7,428.0
新竹縣,2012-10-15,142879.98,472.0
新竹縣,2012-11-15,133749.36,423.0
新竹縣,2012-12-15,139045.25,531.0
新竹縣,2013-01-15,141865.1,382.0
新竹縣,2013-02-15,155934.59,229.0
新竹縣,2013-03-15,153693.25,495.0
新竹縣,2013-04-15,151197.38,560.0
新竹縣,2013-05-15,155425.49,563.0
新竹縣,2013-06-15,151603.98,430.0
新竹縣,2013-07-15,152037.05,483.0
新竹縣,2013-08-15,152365.98,422.0
新竹縣,2013-09-15,135099.78,420.0
新竹縣,2013-10-15,144711.4,494.0
新竹縣,2013-11-15,135969.21,458.0
新竹縣,2013-12-15,147931.24,484.0
新竹縣,2014-01-15,142941.14,284.0
新竹縣,2014-02-15,159283.36,245.0
新竹縣,2014-03-15,149213.89,431.0
新竹縣,2014-04-15,141455.18,460.0
新竹縣,2014-05-15,142833.7,429.0
新竹縣,2014-06-15,145134.54,375.0
新竹縣,2014-07-15,140398.98,384.0
新竹縣,2014-08-15,150146.13,313.0
新竹縣,2014-09-15,149656.87,371.0
新竹縣,2014-10-15,146727.93,391.0
新竹縣,2014-11-15,147331.24,346.0
新竹縣,2014-12-15,153012.26,388.0
新竹縣,2015-01-15,132461.75,256.0
新竹縣,2015-02-15,157931.29,183.0
新竹縣,2015-03-15,148843.64,327.0
新竹縣,2015-04-15,153518.05,349.0
新竹縣,2015-05-15,143233.7,323.0
新竹縣,2015-06-15,142990.73,336.0
新竹縣,2015-07-15,147086.61,284.0
新竹縣,2015-08-15,141365.92,246.0
新竹縣,2015-09-15,145699.83,222.0
新竹縣,2015-10-15,162215.61,229.0
新竹縣,2015-11-15,148321.33,241.0
新竹縣,2015-12-15,145628.76,244.0
新竹縣,2016-01-15,143861.8,173.0
新竹縣,2016-02-15,147580.83,107.0
新竹縣,2016-03-15,144499.82,277.0
新竹縣,2016-04-15,152675.07,281.0
新竹縣,2016-05-15,150680.02,302.0
新竹縣,2016-06-15,146200.66,268.0
新竹縣,2016-07-15,158053.6,263.0
新竹縣,2016-08-15,142255.18,124.0
新竹市,2012-07-15,189832.26,269.0
新竹市,2012-08-15,149952.74,384.0
新竹市,2012-09-15,157161.04,437.0
新竹市,2012-10-15,172341.27,527.0
新竹市,2012-11-15,144979.17,362.0
新竹市,2012-12-15,107461.64,1051.0
新竹市,2013-01-15,150255.22,323.0
新竹市,2013-02-15,146741.16,209.0
新竹市,2013-03-15,148813.89,418.0
新竹市,2013-04-15,144760.98,441.0
新竹市,2013-05-15,156488.3,466.0
新竹市,2013-06-15,156602.36,433.0
新竹市,2013-07-15,150633.73,424.0
新竹市,2013-08-15,155323.01,411.0
新竹市,2013-09-15,154384.17,389.0
新竹市,2013-10-15,158410.63,361.0
新竹市,2013-11-15,150522.99,383.0
新竹市,2013-12-15,150906.46,449.0
新竹市,2014-01-15,153670.11,253.0
新竹市,2014-02-15,161008.99,252.0
新竹市,2014-03-15,156256.9,398.0
新竹市,2014-04-15,152529.61,361.0
新竹市,2014-05-15,162397.42,376.0
新竹市,2014-06-15,173022.27,345.0
新竹市,2014-07-15,160066.84,379.0
新竹市,2014-08-15,178509.89,317.0
新竹市,2014-09-15,166741.24,330.0
新竹市,2014-10-15,168688.36,315.0
新竹市,2014-11-15,165253.64,291.0
新竹市,2014-12-15,170838.79,352.0
新竹市,2015-01-15,171984.24,230.0
新竹市,2015-02-15,164640.41,176.0
新竹市,2015-03-15,165346.2,307.0
新竹市,2015-04-15,171207.39,290.0
新竹市,2015-05-15,169205.72,260.0
新竹市,2015-06-15,182285.12,279.0
新竹市,2015-07-15,168924.73,286.0
新竹市,2015-08-15,161637.09,233.0
新竹市,2015-09-15,169273.49,229.0
新竹市,2015-10-15,165422.23,250.0
新竹市,2015-11-15,160873.45,289.0
新竹市,2015-12-15,156022.19,342.0
新竹市,2016-01-15,155782.52,149.0
新竹市,2016-02-15,155015.57,129.0
新竹市,2016-03-15,160866.84,269.0
新竹市,2016-04-15,163352.8,262.0
新竹市,2016-05-15,163815.61,284.0
新竹市,2016-06-15,162483.38,226.0
新竹市,2016-07-15,161303.21,259.0
新竹市,2016-08-15,167524.73,114.0
苗栗縣,2012-07-15,95380.6,102.0
苗栗縣,2012-08-15,86631.79,197.0
苗栗縣,2012-09-15,88820.24,190.0
苗栗縣,2012-10-15,91630.17,240.0
苗栗縣,2012-11-15,90043.38,244.0
苗栗縣,2012-12-15,94122.74,259.0
苗栗縣,2013-01-15,98483.09,233.0
苗栗縣,2013-02-15,97395.48,134.0
苗栗縣,2013-03-15,97785.56,295.0
苗栗縣,2013-04-15,92479.76,277.0
苗栗縣,2013-05-15,98949.21,315.0
苗栗縣,2013-06-15,95028.53,283.0
苗栗縣,2013-07-15,93755.79,242.0
苗栗縣,2013-08-15,94063.24,200.0
苗栗縣,2013-09-15,98942.59,254.0
苗栗縣,2013-10-15,90248.34,272.0
苗栗縣,2013-11-15,87378.91,261.0
苗栗縣,2013-12-15,78828.46,328.0
苗栗縣,2014-01-15,112626.95,180.0
苗栗縣,2014-02-15,79220.19,167.0
苗栗縣,2014-03-15,92874.79,306.0
苗栗縣,2014-04-15,88139.24,292.0
苗栗縣,2014-05-15,89674.79,270.0
苗栗縣,2014-06-15,98443.42,243.0
苗栗縣,2014-07-15,92169.01,206.0
苗栗縣,2014-08-15,102787.24,160.0
苗栗縣,2014-09-15,94162.41,201.0
苗栗縣,2014-10-15,95980.6,241.0
苗栗縣,2014-11-15,102983.93,184.0
苗栗縣,2014-12-15,99934.33,238.0
苗栗縣,2015-01-15,106117.83,160.0
苗栗縣,2015-02-15,105380.64,102.0
苗栗縣,2015-03-15,97193.83,179.0
苗栗縣,2015-04-15,103225.26,194.0
苗栗縣,2015-05-15,101927.73,157.0
苗栗縣,2015-06-15,100626.89,186.0
苗栗縣,2015-07-15,102696.33,168.0
苗栗縣,2015-08-15,99506.24,142.0
苗栗縣,2015-09-15,98569.04,135.0
苗栗縣,2015-10-15,95734.32,188.0
苗栗縣,2015-11-15,94618.6,204.0
苗栗縣,2015-12-15,99511.19,223.0
苗栗縣,2016-01-15,93926.04,110.0
苗栗縣,2016-02-15,98559.12,58.0
苗栗縣,2016-03-15,98278.13,155.0
苗栗縣,2016-04-15,114007.12,175.0
苗栗縣,2016-05-15,103544.26,168.0
苗栗縣,2016-06-15,107392.22,171.0
苗栗縣,2016-07-15,102178.97,153.0
苗栗縣,2016-08-15,103772.37,76.0
臺中市,2012-07-15,116787.3,1592.0
臺中市,2012-08-15,129150.99,2201.0
臺中市,2012-09-15,131627.04,2345.0
臺中市,2012-10-15,129661.74,2626.0
臺中市,2012-11-15,125666.68,2305.0
臺中市,2012-12-15,131380.76,2612.0
臺中市,2013-01-15,130266.71,2314.0
臺中市,2013-02-15,133789.03,1593.0
臺中市,2013-03-15,134142.75,3021.0
臺中市,2013-04-15,139159.3,2882.0
臺中市,2013-05-15,137951.03,3049.0
臺中市,2013-06-15,139775.84,2853.0
臺中市,2013-07-15,137349.38,2676.0
臺中市,2013-08-15,141374.19,2404.0
臺中市,2013-09-15,140899.81,2429.0
臺中市,2013-10-15,143984.12,2707.0
臺中市,2013-11-15,145332.89,2383.0
臺中市,2013-12-15,144756.02,2696.0
臺中市,2014-01-15,147640.33,1739.0
臺中市,2014-02-15,147405.62,1514.0
臺中市,2014-03-15,150724.65,2601.0
臺中市,2014-04-15,152397.38,2610.0
臺中市,2014-05-15,149607.29,2166.0
臺中市,2014-06-15,151881.68,2111.0
臺中市,2014-07-15,148266.78,1974.0
臺中市,2014-08-15,153423.83,1868.0
臺中市,2014-09-15,148708.1,1828.0
臺中市,2014-10-15,148253.55,1984.0
臺中市,2014-11-15,150630.43,1846.0
臺中市,2014-12-15,152992.42,1997.0
臺中市,2015-01-15,152007.3,1533.0
臺中市,2015-02-15,158782.53,1054.0
臺中市,2015-03-15,159688.33,1824.0
臺中市,2015-04-15,156542.85,1847.0
臺中市,2015-05-15,153866.81,1650.0
臺中市,2015-06-15,155015.57,1633.0
臺中市,2015-07-15,156218.88,1661.0
臺中市,2015-08-15,155243.67,1383.0
臺中市,2015-09-15,155689.96,1208.0
臺中市,2015-10-15,150501.51,1584.0
臺中市,2015-11-15,152964.33,1674.0
臺中市,2015-12-15,156179.22,1689.0
臺中市,2016-01-15,151199.03,1078.0
臺中市,2016-02-15,153399.04,665.0
臺中市,2016-03-15,155684.99,1390.0
臺中市,2016-04-15,156053.6,1482.0
臺中市,2016-05-15,158195.76,1482.0
臺中市,2016-06-15,156227.15,1412.0
臺中市,2016-07-15,151706.47,1345.0
臺中市,2016-08-15,150294.89,632.0
彰化縣,2012-07-15,100605.41,251.0
彰化縣,2012-08-15,98344.24,281.0
彰化縣,2012-09-15,96683.08,288.0
彰化縣,2012-10-15,90359.08,366.0
彰化縣,2012-11-15,94013.65,375.0
彰化縣,2012-12-15,90616.94,362.0
彰化縣,2013-01-15,93621.9,346.0
彰化縣,2013-02-15,95283.07,211.0
彰化縣,2013-03-15,96400.43,383.0
彰化縣,2013-04-15,92653.31,354.0
彰化縣,2013-05-15,95967.37,389.0
彰化縣,2013-06-15,102056.66,371.0
彰化縣,2013-07-15,93094.63,323.0
彰化縣,2013-08-15,99377.31,332.0
彰化縣,2013-09-15,101950.87,301.0
彰化縣,2013-10-15,98264.9,402.0
彰化縣,2013-11-15,102605.42,342.0
彰化縣,2013-12-15,99658.3,428.0
彰化縣,2014-01-15,100658.3,248.0
彰化縣,2014-02-15,103618.65,242.0
彰化縣,2014-03-15,105278.16,404.0
彰化縣,2014-04-15,101187.23,379.0
彰化縣,2014-05-15,105388.9,306.0
彰化縣,2014-06-15,104372.37,326.0
彰化縣,2014-07-15,105554.2,326.0
彰化縣,2014-08-15,106826.93,271.0
彰化縣,2014-09-15,103783.93,280.0
彰化縣,2014-10-15,106721.14,343.0
彰化縣,2014-11-15,108311.23,309.0
彰化縣,2014-12-15,107203.79,366.0
彰化縣,2015-01-15,120698.06,229.0
彰化縣,2015-02-15,113377.37,154.0
彰化縣,2015-03-15,111623.64,293.0
彰化縣,2015-04-15,112041.83,300.0
彰化縣,2015-05-15,108936.03,293.0
彰化縣,2015-06-15,120693.1,308.0
彰化縣,2015-07-15,109696.36,289.0
彰化縣,2015-08-15,110344.3,262.0
彰化縣,2015-09-15,108526.11,221.0
彰化縣,2015-10-15,111160.83,267.0
彰化縣,2015-11-15,113917.87,301.0
彰化縣,2015-12-15,112145.96,338.0
彰化縣,2016-01-15,116745.98,176.0
彰化縣,2016-02-15,116995.57,113.0
彰化縣,2016-03-15,112569.1,265.0
彰化縣,2016-04-15,109646.77,241.0
彰化縣,2016-05-15,113793.9,274.0
彰化縣,2016-06-15,111025.29,243.0
彰化縣,2016-07-15,106473.21,235.0
彰化縣,2016-08-15,105868.24,145.0
南投縣,2012-07-15,93459.93,70.0
南投縣,2012-08-15,83937.57,137.0
南投縣,2012-09-15,82274.75,145.0
南投縣,2012-10-15,76092.9,159.0
南投縣,2012-11-15,85605.35,164.0
南投縣,2012-12-15,79755.73,175.0
南投縣,2013-01-15,79502.83,166.0
南投縣,2013-02-15,77302.83,87.0
南投縣,2013-03-15,79312.75,195.0
南投縣,2013-04-15,82502.85,181.0
南投縣,2013-05-15,83762.36,217.0
南投縣,2013-06-15,76588.77,165.0
南投縣,2013-07-15,84555.75,178.0
南投縣,2013-08-15,84800.38,167.0
南投縣,2013-09-15,68251.55,216.0
南投縣,2013-10-15,81722.68,199.0
南投縣,2013-11-15,86567.33,196.0
南投縣,2013-12-15,81464.83,245.0
南投縣,2014-01-15,82030.12,130.0
南投縣,2014-02-15,78496.22,128.0
南投縣,2014-03-15,85198.74,214.0
南投縣,2014-04-15,91274.79,168.0
南投縣,2014-05-15,88048.33,178.0
南投縣,2014-06-15,95868.2,163.0
南投縣,2014-07-15,88354.12,163.0
南投縣,2014-08-15,87129.32,156.0
南投縣,2014-09-15,86937.59,162.0
南投縣,2014-10-15,90297.93,177.0
南投縣,2014-11-15,87699.57,151.0
南投縣,2014-12-15,96349.2,170.0
南投縣,2015-01-15,84678.07,135.0
南投縣,2015-02-15,97197.13,87.0
南投縣,2015-03-15,83144.18,173.0
南投縣,2015-04-15,95788.86,166.0
南投縣,2015-05-15,93778.93,156.0
南投縣,2015-06-15,88251.64,137.0
南投縣,2015-07-15,93311.16,148.0
南投縣,2015-08-15,95231.83,120.0
南投縣,2015-09-15,92377.28,117.0
南投縣,2015-10-15,93177.28,128.0
南投縣,2015-11-15,94853.32,159.0
南投縣,2015-12-15,91051.65,179.0
南投縣,2016-01-15,98721.11,91.0
南投縣,2016-02-15,96469.86,59.0
南投縣,2016-03-15,89021.89,103.0
南投縣,2016-04-15,102893.02,124.0
南投縣,2016-05-15,90387.18,126.0
南投縣,2016-06-15,93772.32,130.0
南投縣,2016-07-15,100208.71,112.0
南投縣,2016-08-15,83560.71,72.0
雲林縣,2012-07-15,94036.79,88.0
雲林縣,2012-08-15,81377.23,160.0
雲林縣,2012-09-15,79355.73,193.0
雲林縣,2012-10-15,75878.02,252.0
雲林縣,2012-11-15,76235.05,181.0
雲林縣,2012-12-15,77231.76,216.0
雲林縣,2013-01-15,72130.9,204.0
雲林縣,2013-02-15,73648.26,112.0
雲林縣,2013-03-15,80825.16,222.0
雲林縣,2013-04-15,73706.12,219.0
雲林縣,2013-05-15,72790.41,229.0
雲林縣,2013-06-15,73273.06,195.0
雲林縣,2013-07-15,76906.13,235.0
雲林縣,2013-08-15,74840.01,185.0
雲林縣,2013-09-15,76752.41,184.0
雲林縣,2013-10-15,76972.24,234.0
雲林縣,2013-11-15,80830.12,198.0
雲林縣,2013-12-15,70511.07,216.0
雲林縣,2014-01-15,76841.67,144.0
雲林縣,2014-02-15,67899.48,126.0
雲林縣,2014-03-15,78321.01,208.0
雲林縣,2014-04-15,78521.01,204.0
雲林縣,2014-05-15,76747.45,189.0
雲林縣,2014-06-15,76562.33,199.0
雲林縣,2014-07-15,81160.7,167.0
雲林縣,2014-08-15,78740.85,147.0
雲林縣,2014-09-15,74109.42,171.0
雲林縣,2014-10-15,76049.93,177.0
雲林縣,2014-11-15,77165.64,186.0
雲林縣,2014-12-15,79570.61,203.0
雲林縣,2015-01-15,83780.55,156.0
雲林縣,2015-02-15,78980.52,110.0
雲林縣,2015-03-15,81444.99,223.0
雲林縣,2015-04-15,95463.24,236.0
雲林縣,2015-05-15,84116.08,207.0
雲林縣,2015-06-15,83355.75,157.0
雲林縣,2015-07-15,88780.56,147.0
雲林縣,2015-08-15,74208.6,133.0
雲林縣,2015-09-15,83944.18,133.0
雲林縣,2015-10-15,83066.49,166.0
雲林縣,2015-11-15,78162.33,152.0
雲林縣,2015-12-15,86026.83,187.0
雲林縣,2016-01-15,76525.96,119.0
雲林縣,2016-02-15,80727.64,67.0
雲林縣,2016-03-15,82431.77,126.0
雲林縣,2016-04-15,75355.71,157.0
雲林縣,2016-05-15,83597.07,153.0
雲林縣,2016-06-15,79474.74,151.0
雲林縣,2016-07-15,80192.1,135.0
雲林縣,2016-08-15,88059.9,83.0
嘉義縣,2012-07-15,79287.96,54.0
嘉義縣,2012-08-15,81097.89,119.0
嘉義縣,2012-09-15,68383.78,107.0
嘉義縣,2012-10-15,69392.05,134.0
嘉義縣,2012-11-15,71481.31,129.0
嘉義縣,2012-12-15,75018.52,131.0
嘉義縣,2013-01-15,67839.98,102.0
嘉義縣,2013-02-15,73458.18,95.0
嘉義縣,2013-03-15,64139.13,157.0
嘉義縣,2013-04-15,66932.54,158.0
嘉義縣,2013-05-15,67428.4,167.0
嘉義縣,2013-06-15,65502.77,152.0
嘉義縣,2013-07-15,67547.41,143.0
嘉義縣,2013-08-15,69841.64,139.0
嘉義縣,2013-09-15,66724.26,142.0
嘉義縣,2013-10-15,68856.51,157.0
嘉義縣,2013-11-15,75719.35,171.0
嘉義縣,2013-12-15,75896.21,166.0
嘉義縣,2014-01-15,74218.51,122.0
嘉義縣,2014-02-15,72360.66,142.0
嘉義縣,2014-03-15,65530.87,181.0
嘉義縣,2014-04-15,72320.99,167.0
嘉義縣,2014-05-15,66573.85,152.0
嘉義縣,2014-06-15,68218.49,149.0
嘉義縣,2014-07-15,71504.45,147.0
嘉義縣,2014-08-15,67815.18,136.0
嘉義縣,2014-09-15,69534.2,117.0
嘉義縣,2014-10-15,69843.29,130.0
嘉義縣,2014-11-15,66712.7,154.0
嘉義縣,2014-12-15,66658.15,160.0
嘉義縣,2015-01-15,71841.65,117.0
嘉義縣,2015-02-15,69897.83,80.0
嘉義縣,2015-03-15,68049.89,135.0
嘉義縣,2015-04-15,74547.44,130.0
嘉義縣,2015-05-15,72248.26,156.0
嘉義縣,2015-06-15,75601.99,124.0
嘉義縣,2015-07-15,72281.32,129.0
嘉義縣,2015-08-15,75000.34,96.0
嘉義縣,2015-09-15,71395.36,108.0
嘉義縣,2015-10-15,73517.69,116.0
嘉義縣,2015-11-15,69656.51,138.0
嘉義縣,2015-12-15,70757.34,129.0
嘉義縣,2016-01-15,79388.79,93.0
嘉義縣,2016-02-15,75188.77,60.0
嘉義縣,2016-03-15,74849.92,129.0
嘉義縣,2016-04-15,74200.33,116.0
嘉義縣,2016-05-15,79499.53,122.0
嘉義縣,2016-06-15,76559.02,117.0
嘉義縣,2016-07-15,70803.62,114.0
嘉義縣,2016-08-15,69314.36,70.0
嘉義市,2012-07-15,74955.71,58.0
嘉義市,2012-08-15,82097.89,168.0
嘉義市,2012-09-15,78325.98,172.0
嘉義市,2012-10-15,84648.31,197.0
嘉義市,2012-11-15,81640.04,214.0
嘉義市,2012-12-15,79140.85,213.0
嘉義市,2013-01-15,80559.04,220.0
嘉義市,2013-02-15,80321.02,135.0
嘉義市,2013-03-15,82552.44,214.0
嘉義市,2013-04-15,81023.51,214.0
嘉義市,2013-05-15,79433.41,248.0
嘉義市,2013-06-15,83985.5,246.0
嘉義市,2013-07-15,84215.26,245.0
嘉義市,2013-08-15,85406.99,216.0
嘉義市,2013-09-15,80522.68,180.0
嘉義市,2013-10-15,88469.82,251.0
嘉義市,2013-11-15,85539.23,234.0
嘉義市,2013-12-15,85087.99,246.0
嘉義市,2014-01-15,86418.57,164.0
嘉義市,2014-02-15,82988.8,143.0
嘉義市,2014-03-15,84200.38,258.0
嘉義市,2014-04-15,94863.24,213.0
嘉義市,2014-05-15,89645.03,218.0
嘉義市,2014-06-15,93451.66,171.0
嘉義市,2014-07-15,85590.47,199.0
嘉義市,2014-08-15,90878.1,198.0
嘉義市,2014-09-15,87752.46,179.0
嘉義市,2014-10-15,89967.35,175.0
嘉義市,2014-11-15,93845.05,178.0
嘉義市,2014-12-15,91501.24,193.0
嘉義市,2015-01-15,94767.37,159.0
嘉義市,2015-02-15,85643.36,103.0
嘉義市,2015-03-15,91769.01,197.0
嘉義市,2015-04-15,92997.11,194.0
嘉義市,2015-05-15,95015.3,163.0
嘉義市,2015-06-15,96304.57,170.0
嘉義市,2015-07-15,91636.77,178.0
嘉義市,2015-08-15,92405.38,148.0
嘉義市,2015-09-15,92640.09,154.0
嘉義市,2015-10-15,94344.23,170.0
嘉義市,2015-11-15,98003.75,163.0
嘉義市,2015-12-15,87084.69,264.0
嘉義市,2016-01-15,91846.7,118.0
嘉義市,2016-02-15,93934.3,98.0
嘉義市,2016-03-15,93607.03,151.0
嘉義市,2016-04-15,98590.52,120.0
嘉義市,2016-05-15,97144.24,157.0
嘉義市,2016-06-15,99602.11,168.0
嘉義市,2016-07-15,95874.81,157.0
嘉義市,2016-08-15,95894.65,87.0
臺南市,2012-07-15,96473.16,531.0
臺南市,2012-08-15,93524.39,1021.0
臺南市,2012-09-15,92678.1,1043.0
臺南市,2012-10-15,94820.26,1307.0
臺南市,2012-11-15,75213.56,1489.0
臺南市,2012-12-15,87828.49,1224.0
臺南市,2013-01-15,92932.65,1165.0
臺南市,2013-02-15,98777.3,863.0
臺南市,2013-03-15,101445.08,1491.0
臺南市,2013-04-15,94149.18,1359.0
臺南市,2013-05-15,97562.42,1336.0
臺南市,2013-06-15,97904.57,1237.0
臺南市,2013-07-15,93987.2,1175.0
臺南市,2013-08-15,99478.13,1023.0
臺南市,2013-09-15,96780.6,1051.0
臺南市,2013-10-15,98159.12,1184.0
臺南市,2013-11-15,100727.73,1192.0
臺南市,2013-12-15,101666.57,1307.0
臺南市,2014-01-15,99081.44,804.0
臺南市,2014-02-15,99529.37,850.0
臺南市,2014-03-15,103664.93,1276.0
臺南市,2014-04-15,105815.35,1175.0
臺南市,2014-05-15,105484.77,1098.0
臺南市,2014-06-15,106417.01,1014.0
臺南市,2014-07-15,108317.84,991.0
臺南市,2014-08-15,109884.79,841.0
臺南市,2014-09-15,105803.78,966.0
臺南市,2014-10-15,109302.97,1011.0
臺南市,2014-11-15,110129.42,920.0
臺南市,2014-12-15,108760.82,1095.0
臺南市,2015-01-15,108359.17,798.0
臺南市,2015-02-15,106893.04,533.0
臺南市,2015-03-15,110955.87,973.0
臺南市,2015-04-15,109078.18,957.0
臺南市,2015-05-15,112453.4,875.0
臺南市,2015-06-15,111081.49,844.0
臺南市,2015-07-15,113154.23,862.0
臺南市,2015-08-15,109498.01,725.0
臺南市,2015-09-15,107818.67,644.0
臺南市,2015-10-15,108450.07,773.0
臺南市,2015-11-15,106347.58,810.0
臺南市,2015-12-15,102833.52,1035.0
臺南市,2016-01-15,106359.15,514.0
臺南市,2016-02-15,110370.74,388.0
臺南市,2016-03-15,106578.99,666.0
臺南市,2016-04-15,109192.23,660.0
臺南市,2016-05-15,111127.77,713.0
臺南市,2016-06-15,112221.99,753.0
臺南市,2016-07-15,110397.19,667.0
臺南市,2016-08-15,108757.51,427.0
高雄市,2012-07-15,121749.31,1058.0
高雄市,2012-08-15,117187.3,1999.0
高雄市,2012-09-15,119359.21,2301.0
高雄市,2012-10-15,119460.04,2508.0
高雄市,2012-11-15,114737.71,2264.0
高雄市,2012-12-15,118245.16,2503.0
高雄市,2013-01-15,118969.13,2201.0
高雄市,2013-02-15,125384.04,1584.0
高雄市,2013-03-15,123349.32,2778.0
高雄市,2013-04-15,124851.8,2946.0
高雄市,2013-05-15,124274.94,2794.0
高雄市,2013-06-15,124866.68,2533.0
高雄市,2013-07-15,121273.27,2459.0
高雄市,2013-08-15,125610.48,2076.0
高雄市,2013-09-15,126175.77,2073.0
高雄市,2013-10-15,121911.29,2304.0
高雄市,2013-11-15,120850.13,2035.0
高雄市,2013-12-15,113855.06,2898.0
高雄市,2014-01-15,99517.8,2096.0
高雄市,2014-02-15,123977.42,1489.0
高雄市,2014-03-15,126407.18,2252.0
高雄市,2014-04-15,130122.9,2206.0
高雄市,2014-05-15,128397.27,2079.0
高雄市,2014-06-15,130413.81,1937.0
高雄市,2014-07-15,127314.62,1838.0
高雄市,2014-08-15,129251.82,1366.0
高雄市,2014-09-15,129917.94,1564.0
高雄市,2014-10-15,129909.68,1678.0
高雄市,2014-11-15,130182.4,1747.0
高雄市,2014-12-15,128400.58,2038.0
高雄市,2015-01-15,130251.82,1340.0
高雄市,2015-02-15,130589.02,979.0
高雄市,2015-03-15,133736.14,1802.0
高雄市,2015-04-15,132605.56,1719.0
高雄市,2015-05-15,132585.72,1627.0
高雄市,2015-06-15,130241.91,1591.0
高雄市,2015-07-15,130886.54,1585.0
高雄市,2015-08-15,130231.99,1362.0
高雄市,2015-09-15,130393.98,1249.0
高雄市,2015-10-15,130298.11,1465.0
高雄市,2015-11-15,127389.0,1619.0
高雄市,2015-12-15,127769.17,1848.0
高雄市,2016-01-15,128402.23,974.0
高雄市,2016-02-15,131579.1,656.0
高雄市,2016-03-15,130531.16,1204.0
高雄市,2016-04-15,128357.6,1347.0
高雄市,2016-05-15,128602.23,1465.0
高雄市,2016-06-15,132486.55,1339.0
高雄市,2016-07-15,128853.47,1317.0
高雄市,2016-08-15,127053.46,794.0
屏東縣,2012-07-15,79015.23,127.0
屏東縣,2012-08-15,63957.31,271.0
屏東縣,2012-09-15,66225.09,305.0
屏東縣,2012-10-15,69003.61,370.0
屏東縣,2012-11-15,65818.48,347.0
屏東縣,2012-12-15,67167.24,365.0
屏東縣,2013-01-15,61058.13,313.0
屏東縣,2013-02-15,69448.25,240.0
屏東縣,2013-03-15,60958.95,407.0
屏東縣,2013-04-15,63620.12,372.0
屏東縣,2013-05-15,60638.29,397.0
屏東縣,2013-06-15,66446.58,328.0
屏東縣,2013-07-15,62258.13,379.0
屏東縣,2013-08-15,63699.46,299.0
屏東縣,2013-09-15,66902.78,323.0
屏東縣,2013-10-15,64565.58,343.0
屏東縣,2013-11-15,67111.05,318.0
屏東縣,2013-12-15,67312.7,350.0
屏東縣,2014-01-15,65140.79,208.0
屏東縣,2014-02-15,66525.92,271.0
屏東縣,2014-03-15,68092.86,352.0
屏東縣,2014-04-15,69587.09,349.0
屏東縣,2014-05-15,71087.92,306.0
屏東縣,2014-06-15,71028.42,282.0
屏東縣,2014-07-15,67679.64,345.0
屏東縣,2014-08-15,72638.34,259.0
屏東縣,2014-09-15,70625.11,311.0
屏東縣,2014-10-15,70963.96,290.0
屏東縣,2014-11-15,70494.53,272.0
屏東縣,2014-12-15,73454.88,356.0
屏東縣,2015-01-15,69511.06,253.0
屏東縣,2015-02-15,74998.68,184.0
屏東縣,2015-03-15,72453.22,292.0
屏東縣,2015-04-15,71344.12,282.0
屏東縣,2015-05-15,79421.85,265.0
屏東縣,2015-06-15,75454.89,294.0
屏東縣,2015-07-15,79244.98,282.0
屏東縣,2015-08-15,75659.84,231.0
屏東縣,2015-09-15,75626.79,251.0
屏東縣,2015-10-15,77008.61,265.0
屏東縣,2015-11-15,78104.49,302.0
屏東縣,2015-12-15,79560.69,357.0
屏東縣,2016-01-15,78443.33,213.0
屏東縣,2016-02-15,79590.44,140.0
屏東縣,2016-03-15,78535.89,266.0
屏東縣,2016-04-15,81987.15,240.0
屏東縣,2016-05-15,74509.43,263.0
屏東縣,2016-06-15,78555.73,248.0
屏東縣,2016-07-15,79838.38,254.0
屏東縣,2016-08-15,81892.93,150.0
宜蘭縣,2012-07-15,96978.95,111.0
宜蘭縣,2012-08-15,103097.98,369.0
宜蘭縣,2012-09-15,102345.92,282.0
宜蘭縣,2012-10-15,100688.06,364.0
宜蘭縣,2012-11-15,107592.22,332.0
宜蘭縣,2012-12-15,106587.26,366.0
宜蘭縣,2013-01-15,107015.36,299.0
宜蘭縣,2013-02-15,102493.02,223.0
宜蘭縣,2013-03-15,110625.29,379.0
宜蘭縣,2013-04-15,107630.24,390.0
宜蘭縣,2013-05-15,107144.29,432.0
宜蘭縣,2013-06-15,110526.12,349.0
宜蘭縣,2013-07-15,107769.08,419.0
宜蘭縣,2013-08-15,113815.39,319.0
宜蘭縣,2013-09-15,107428.58,403.0
宜蘭縣,2013-10-15,113881.51,430.0
宜蘭縣,2013-11-15,109737.68,348.0
宜蘭縣,2013-12-15,118493.1,460.0
宜蘭縣,2014-01-15,117233.59,258.0
宜蘭縣,2014-02-15,110790.58,236.0
宜蘭縣,2014-03-15,128555.95,393.0
宜蘭縣,2014-04-15,124250.15,444.0
宜蘭縣,2014-05-15,123732.79,420.0
宜蘭縣,2014-06-15,126524.54,346.0
宜蘭縣,2014-07-15,129574.14,334.0
宜蘭縣,2014-08-15,131674.97,298.0
宜蘭縣,2014-09-15,131567.53,309.0
宜蘭縣,2014-10-15,126754.29,335.0
宜蘭縣,2014-11-15,123646.84,284.0
宜蘭縣,2014-12-15,131944.4,463.0
宜蘭縣,2015-01-15,131706.38,259.0
宜蘭縣,2015-02-15,140266.74,144.0
宜蘭縣,2015-03-15,133504.73,289.0
宜蘭縣,2015-04-15,134296.47,278.0
宜蘭縣,2015-05-15,135493.17,274.0
宜蘭縣,2015-06-15,135736.14,270.0
宜蘭縣,2015-07-15,134681.6,289.0
宜蘭縣,2015-08-15,142536.18,183.0
宜蘭縣,2015-09-15,135693.17,215.0
宜蘭縣,2015-10-15,137729.54,250.0
宜蘭縣,2015-11-15,142598.99,275.0
宜蘭縣,2015-12-15,141167.58,333.0
宜蘭縣,2016-01-15,133013.82,144.0
宜蘭縣,2016-02-15,145144.45,85.0
宜蘭縣,2016-03-15,131511.34,207.0
宜蘭縣,2016-04-15,148063.48,224.0
宜蘭縣,2016-05-15,136179.13,197.0
宜蘭縣,2016-06-15,141655.18,242.0
宜蘭縣,2016-07-15,143291.55,210.0
宜蘭縣,2016-08-15,149159.35,142.0
花蓮縣,2012-07-15,84446.66,99.0
花蓮縣,2012-08-15,89215.27,208.0
花蓮縣,2012-09-15,93106.2,246.0
花蓮縣,2012-10-15,84568.98,279.0
花蓮縣,2012-11-15,84990.46,220.0
花蓮縣,2012-12-15,88076.43,278.0
花蓮縣,2013-01-15,96192.17,205.0
花蓮縣,2013-02-15,93673.15,153.0
花蓮縣,2013-03-15,95088.03,309.0
花蓮縣,2013-04-15,95198.77,266.0
花蓮縣,2013-05-15,99180.61,352.0
花蓮縣,2013-06-15,95901.26,300.0
花蓮縣,2013-07-15,99127.72,315.0
花蓮縣,2013-08-15,94405.38,250.0
花蓮縣,2013-09-15,98388.87,282.0
花蓮縣,2013-10-15,105673.2,305.0
花蓮縣,2013-11-15,101250.04,306.0
花蓮縣,2013-12-15,101326.08,440.0
花蓮縣,2014-01-15,108797.18,181.0
花蓮縣,2014-02-15,101633.52,199.0
花蓮縣,2014-03-15,107481.48,307.0
花蓮縣,2014-04-15,109198.83,378.0
花蓮縣,2014-05-15,115392.26,314.0
花蓮縣,2014-06-15,116131.1,290.0
花蓮縣,2014-07-15,116278.21,291.0
花蓮縣,2014-08-15,120790.63,253.0
花蓮縣,2014-09-15,117798.88,253.0
花蓮縣,2014-10-15,125088.17,293.0
花蓮縣,2014-11-15,126215.44,237.0
花蓮縣,2014-12-15,122917.91,364.0
花蓮縣,2015-01-15,122364.19,192.0
花蓮縣,2015-02-15,122671.63,133.0
花蓮縣,2015-03-15,126575.78,261.0
花蓮縣,2015-04-15,128017.1,259.0
花蓮縣,2015-05-15,129684.88,240.0
花蓮縣,2015-06-15,135425.4,238.0
花蓮縣,2015-07-15,143420.48,220.0
花蓮縣,2015-08-15,132671.67,184.0
花蓮縣,2015-09-15,130010.5,189.0
花蓮縣,2015-10-15,142936.18,203.0
花蓮縣,2015-11-15,137686.57,215.0
花蓮縣,2015-12-15,133326.22,307.0
花蓮縣,2016-01-15,137394.01,144.0
花蓮縣,2016-02-15,138370.87,74.0
花蓮縣,2016-03-15,127830.33,170.0
花蓮縣,2016-04-15,131382.41,161.0
花蓮縣,2016-05-15,140660.14,198.0
花蓮縣,2016-06-15,136820.45,191.0
花蓮縣,2016-07-15,141494.86,190.0
花蓮縣,2016-08-15,138013.84,107.0
臺東縣,2012-07-15,74975.54,35.0
臺東縣,2012-08-15,90445.04,74.0
臺東縣,2012-09-15,79615.24,90.0
臺東縣,2012-10-15,78240.02,88.0
臺東縣,2012-11-15,71269.74,81.0
臺東縣,2012-12-15,73297.85,108.0
臺東縣,2013-01-15,76101.17,104.0
臺東縣,2013-02-15,75363.98,46.0
臺東縣,2013-03-15,73451.57,90.0
臺東縣,2013-04-15,73344.13,94.0
臺東縣,2013-05-15,76327.62,117.0
臺東縣,2013-06-15,72337.51,116.0
臺東縣,2013-07-15,84159.05,88.0
臺東縣,2013-08-15,77813.57,84.0
臺東縣,2013-09-15,81198.71,92.0
臺東縣,2013-10-15,85140.88,88.0
臺東縣,2013-11-15,83745.83,83.0
臺東縣,2013-12-15,85243.36,73.0
臺東縣,2014-01-15,80651.6,71.0
臺東縣,2014-02-15,86172.29,76.0
臺東縣,2014-03-15,87886.35,88.0
臺東縣,2014-04-15,92592.15,117.0
臺東縣,2014-05-15,90656.61,86.0
臺東縣,2014-06-15,81420.21,66.0
臺東縣,2014-07-15,86816.92,66.0
臺東縣,2014-08-15,82864.84,64.0
臺東縣,2014-09-15,92967.36,84.0
臺東縣,2014-10-15,81002.02,93.0
臺東縣,2014-11-15,99288.05,64.0
臺東縣,2014-12-15,95028.53,73.0
臺東縣,2015-01-15,90297.93,85.0
臺東縣,2015-02-15,99332.68,39.0
臺東縣,2015-03-15,86532.62,83.0
臺東縣,2015-04-15,95560.76,92.0
臺東縣,2015-05-15,97881.43,82.0
臺東縣,2015-06-15,107527.76,75.0
臺東縣,2015-07-15,103200.46,67.0
臺東縣,2015-08-15,93299.59,75.0
臺東縣,2015-09-15,102744.27,64.0
臺東縣,2015-10-15,89279.74,81.0
臺東縣,2015-11-15,104851.71,84.0
臺東縣,2015-12-15,97212.01,106.0
臺東縣,2016-01-15,93494.64,52.0
臺東縣,2016-02-15,120962.53,31.0
臺東縣,2016-03-15,102489.72,66.0
臺東縣,2016-04-15,105699.65,53.0
臺東縣,2016-05-15,93104.55,52.0
臺東縣,2016-06-15,98132.67,53.0
臺東縣,2016-07-15,101364.1,48.0
臺東縣,2016-08-15,98426.89,34.0
澎湖縣,2012-07-15,78092.91,2.0
澎湖縣,2012-08-15,115435.23,10.0
澎湖縣,2012-09-15,93121.08,15.0
澎湖縣,2012-10-15,99755.82,21.0
澎湖縣,2012-11-15,105954.2,21.0
澎湖縣,2012-12-15,65504.43,85.0
澎湖縣,2013-01-15,60952.34,13.0
澎湖縣,2013-02-15,65927.57,11.0
澎湖縣,2013-03-15,113112.9,20.0
澎湖縣,2013-04-15,95531.01,20.0
澎湖縣,2013-05-15,109417.02,36.0
澎湖縣,2013-06-15,114446.79,14.0
澎湖縣,2013-07-15,96726.05,22.0
澎湖縣,2013-08-15,82149.13,18.0
澎湖縣,2013-09-15,115683.17,27.0
澎湖縣,2013-10-15,94737.62,16.0
澎湖縣,2013-11-15,98511.19,22.0
澎湖縣,2013-12-15,121507.98,43.0
澎湖縣,2014-01-15,118633.6,6.0
澎湖縣,2014-02-15,104719.48,14.0
澎湖縣,2014-03-15,100935.99,15.0
澎湖縣,2014-04-15,93679.76,17.0
澎湖縣,2014-05-15,131527.86,17.0
澎湖縣,2014-06-15,114764.15,15.0
澎湖縣,2014-07-15,103967.41,19.0
澎湖縣,2014-08-15,88334.28,15.0
澎湖縣,2014-09-15,104988.9,27.0
澎湖縣,2014-10-15,109220.33,25.0
澎湖縣,2014-11-15,120522.86,21.0
澎湖縣,2014-12-15,108096.35,55.0
澎湖縣,2015-01-15,90954.12,8.0
澎湖縣,2015-02-15,91735.95,4.0
澎湖縣,2015-03-15,108417.01,18.0
澎湖縣,2015-04-15,97230.19,15.0
澎湖縣,2015-05-15,126443.54,13.0
澎湖縣,2015-06-15,119226.98,15.0
澎湖縣,2015-07-15,91025.2,11.0
澎湖縣,2015-08-15,98466.56,15.0
澎湖縣,2015-09-15,119828.64,23.0
澎湖縣,2015-10-15,110304.63,27.0
澎湖縣,2015-11-15,112061.66,24.0
澎湖縣,2015-12-15,78853.25,49.0
澎湖縣,2016-01-15,118155.9,8.0
澎湖縣,2016-02-15,101453.35,8.0
澎湖縣,2016-03-15,104737.66,13.0
澎湖縣,2016-04-15,91937.6,14.0
澎湖縣,2016-05-15,84752.45,18.0
澎湖縣,2016-06-15,123762.54,19.0
澎湖縣,2016-07-15,78178.86,10.0
澎湖縣,2016-08-15,101709.55,7.0
金門縣,2012-07-15,149632.08,2.0
金門縣,2012-08-15,174076.82,6.0
金門縣,2012-09-15,157539.55,8.0
金門縣,2012-10-15,136463.42,14.0
金門縣,2012-11-15,136192.35,7.0
金門縣,2012-12-15,185650.42,35.0
金門縣,2013-01-15,124665.02,4.0
金門縣,2013-02-15,153137.88,5.0
金門縣,2013-03-15,152701.52,6.0
金門縣,2013-04-15,202313.3,4.0
金門縣,2013-05-15,205096.79,4.0
金門縣,2013-06-15,123484.85,11.0
金門縣,2013-07-15,145372.55,5.0
金門縣,2013-08-15,201068.67,4.0
金門縣,2013-09-15,156671.78,7.0
金門縣,2013-10-15,159832.12,11.0
金門縣,2013-11-15,112772.4,2.0
金門縣,2013-12-15,156086.65,12.0
金門縣,2014-01-15,212192.69,2.0
金門縣,2014-02-15,227133.26,2.0
金門縣,2014-03-15,163002.39,4.0
金門縣,2014-04-15,204827.37,5.0
金門縣,2014-05-15,202106.69,5.0
金門縣,2014-06-15,203210.83,5.0
金門縣,2014-07-15,210910.04,6.0
金門縣,2014-08-15,77707.79,4.0
金門縣,2014-09-15,176524.77,4.0
金門縣,2014-10-15,240867.2,2.0
金門縣,2014-11-15,259511.91,5.0
金門縣,2014-12-15,182066.93,7.0
金門縣,2015-01-15,177083.44,2.0
金門縣,2015-02-15,234672.13,3.0
金門縣,2015-03-15,243511.84,3.0
金門縣,2015-04-15,144058.5,8.0
金門縣,2015-05-15,138655.17,7.0
金門縣,2015-06-15,196977.74,10.0
金門縣,2015-07-15,160116.42,12.0
金門縣,2015-08-15,200433.96,7.0
金門縣,2015-09-15,189356.22,1.0
金門縣,2015-10-15,153165.98,6.0
金門縣,2015-11-15,164832.14,2.0
金門縣,2015-12-15,311472.47,16.0
金門縣,2016-01-15,139190.71,1.0
金門縣,2016-02-15,259049.1,3.0
金門縣,2016-03-15,128152.64,2.0
金門縣,2016-04-15,149861.83,5.0
金門縣,2016-05-15,164255.28,3.0
金門縣,2016-06-15,173007.39,2.0
金門縣,2016-07-15,242101.92,4.0
金門縣,2016-08-15,242101.92,4.0
連江縣,2012-07-15,85726.01,1.0
連江縣,2012-08-15,85726.01,1.0
連江縣,2012-09-15,85726.01,1.0
連江縣,2012-10-15,85726.01,1.0
連江縣,2012-11-15,85726.01,1.0
連江縣,2012-12-15,109736.03,1.0
連江縣,2013-01-15,109736.03,1.0
連江縣,2013-02-15,109736.03,1.0
連江縣,2013-03-15,109736.03,1.0
連江縣,2013-04-15,109736.03,1.0
連江縣,2013-05-15,109736.03,1.0
連江縣,2013-06-15,109736.03,1.0
連江縣,2013-07-15,109736.03,1.0
連江縣,2013-08-15,109736.03,1.0
連江縣,2013-09-15,109736.03,1.0
連江縣,2013-10-15,109736.03,1.0
連江縣,2013-11-15,109736.03,1.0
連江縣,2013-12-15,109736.03,1.0
連江縣,2014-01-15,109736.03,1.0
連江縣,2014-02-15,109736.03,1.0
連江縣,2014-03-15,109736.03,1.0
連江縣,2014-04-15,109736.03,1.0
連江縣,2014-05-15,109736.03,1.0
連江縣,2014-06-15,109736.03,1.0
連江縣,2014-07-15,109736.03,1.0
連江縣,2014-08-15,109736.03,1.0
連江縣,2014-09-15,109736.03,1.0
連江縣,2014-10-15,109736.03,1.0
連江縣,2014-11-15,109736.03,1.0
連江縣,2014-12-15,109736.03,1.0
連江縣,2015-01-15,109736.03,1.0
連江縣,2015-02-15,109736.03,1.0
連江縣,2015-03-15,109736.03,1.0
連江縣,2015-04-15,109736.03,1.0
連江縣,2015-05-15,109736.03,1.0
連江縣,2015-06-15,109736.03,1.0
連江縣,2015-07-15,109736.03,1.0
連江縣,2015-08-15,109736.03,1.0
連江縣,2015-09-15,109736.03,1.0
連江縣,2015-10-15,109736.03,1.0
連江縣,2015-11-15,109736.03,1.0
連江縣,2015-12-15,109736.03,1.0
連江縣,2016-01-15,109736.03,1.0
連江縣,2016-02-15,109736.03,1.0
連江縣,2016-03-15,109736.03,1.0
連江縣,2016-04-15,109736.03,1.0
連江縣,2016-05-15,109736.03,1.0
連江縣,2016-06-15,109736.03,1.0
連江縣,2016-07-15,109736.03,1.0
連江縣,2016-08-15,109736.03,1.0
